{
  "parameters": {
    "aperture_diameter_mm": 50.0,
    "wavelength_nm": 632.0,
    "shear_mm": 3.5,
    "fringe_separation_mm": 5.5
  },
  "zernike_coefficients": {
    "Z_2^0": 3.5714285714285716,
    "Z_2^-2": 0.3571428571428572,
    "Z_2^2": 0.3571428571428572,
    "Z_1^-1": 0.1785714285714286,
    "Z_1^1": 0.1785714285714286,
    "Z_0^0": 0.0,
    "Z_3^-3": 0.0,
    "Z_3^-1": 0.0,
    "Z_3^1": 0.0,
    "Z_3^3": 0.0
  },
  "rms_waves": 3.615795844877962,
  "rms_nm": 2285.182973962872
}