{
  "parameters": {
    "aperture_diameter_mm": 50.0,
    "wavelength_nm": 632.0,
    "shear_mm": 3.5,
    "fringe_separation_mm": 5.5
  },
  "zernike_coefficients": {
    "Z_2^0": 206.6947312881758,
    "Z_1^-1": 0.0,
    "Z_1^1": 0.0,
    "Z_2^-2": 103.3473656440879,
    "Z_2^2": 103.3473656440879,
    "Z_0^0": 0.0,
    "Z_3^-3": 0.0,
    "Z_3^-1": 0.0,
    "Z_3^1": 0.0,
    "Z_3^3": 0.0
  },
  "rms_waves": 253.14831208885593,
  "rms_nm": 159989.73324015696
}